532,Abbe,Ashford,aashforder@g.co,Male,202.140.151.53
476,Abbot,Facer,afacerd7@biblegateway.com,Male,101.96.155.38
706,Abra,Nisby,anisbyjl@google.pl,Female,197.222.235.253
109,Abrahan,Checo,acheco30@cisco.com,Male,0.50.0.176
500,Adam,McConville,amcconvilledv@walmart.com,Male,216.18.41.203
873,Addie,Badini,abadinio8@reference.com,Male,232.179.7.82
747,Addie,Kondratowicz,akondratowiczkq@arstechnica.com,Male,201.110.106.225
445,Agnes,Lougheid,alougheidcc@free.fr,Female,42.27.255.1
240,Aharon,Pretsel,apretsel6n@huffingtonpost.com,Male,208.87.231.6
922,Ahmed,Kinnie,akinniepl@sakura.ne.jp,Male,66.124.110.188
779,Aland,Titcomb,atitcomblm@yolasite.com,Male,213.215.107.16
863,Alasdair,Gethins,agethinsny@bloglovin.com,Male,147.158.253.186
567,Alasdair,Saurat,asauratfq@oracle.com,Male,250.162.245.145
784,Alberta,Russon,arussonlr@surveymonkey.com,Female,135.184.2.232
226,Albertina,Johannesson,ajohannesson69@cafepress.com,Female,204.125.44.240
498,Alberto,Curzon,acurzondt@bing.com,Male,37.16.84.160
479,Aldo,Wenger,awengerda@blogger.com,Male,207.96.16.163
682,Alejandra,Redmond,aredmondix@twitter.com,Female,63.183.54.218
919,Alejandro,Shann,ashannpi@nationalgeographic.com,Male,132.84.200.121
308,Alene,Izakson,aizakson8j@chicagotribune.com,Female,168.61.240.24
936,Alexa,Cosby,acosbypz@tamu.edu,Female,39.241.12.53
826,Alfonso,White,awhitemx@marketwatch.com,Male,223.59.218.150
328,Alford,Boreland,aboreland93@xrea.com,Male,239.4.121.251
206,Alidia,Spurway,aspurway5p@wikia.com,Female,153.49.206.17
484,Alix,Bison,abisondf@etsy.com,Female,49.143.68.121
837,Alleen,Dmitriev,admitrievn8@people.com.cn,Female,235.185.177.239
26,Allix,Gartell,agartellp@domainmarket.com,Female,220.255.103.165
802,Allyn,Rochelle,arochellem9@jigsy.com,Female,85.156.4.178
777,Alvin,Laxston,alaxstonlk@nyu.edu,Male,231.231.250.248
87,Amalia,Colenutt,acolenutt2e@msn.com,Female,181.193.142.57
471,Ambrosius,Vinden,avindend2@ed.gov,Male,240.80.44.65
337,Amelie,Bangiard,abangiard9c@auda.org.au,Female,252.239.114.123
294,Amelina,Jewar,ajewar85@earthlink.net,Female,236.98.98.145
886,Amory,Fransemai,afransemaiol@ibm.com,Male,150.127.136.127
518,Amos,Grigoroni,agrigoronied@shutterfly.com,Male,170.152.246.132
438,Anabal,Dumsday,adumsdayc5@amazonaws.com,Female,241.234.90.54
4,Andreas,Glading,aglading3@joomla.org,Male,101.208.252.133
338,Andres,Bolden,abolden9d@deviantart.com,Male,219.89.230.235
731,Andrew,Portingale,aportingaleka@scribd.com,Male,121.191.155.187
736,Andrus,Rantoul,arantoulkf@last.fm,Male,72.44.140.76
998,Andy,Cockrill,acockrillrp@harvard.edu,Female,227.217.175.217
429,Andy,Phillcox,aphillcoxbw@illinois.edu,Male,97.13.69.121
815,Anette,Munford,amunfordmm@uol.com.br,Female,254.43.5.213
61,Angele,Fincke,afincke1o@foxnews.com,Female,132.1.174.185
636,Angelique,Le Friec,alefriechn@yale.edu,Female,186.131.129.56
428,Anna-diana,Crawcour,acrawcourbv@thetimes.co.uk,Female,56.128.205.243
660,Annabella,Shelly,ashellyib@tmall.com,Female,209.50.98.87
555,Anneliese,Sille,asillefe@vistaprint.com,Female,85.67.136.62
389,Anson,Selland,asellandas@bigcartel.com,Male,179.14.136.186
995,Anthiathia,Livsey,alivseyrm@myspace.com,Female,77.1.235.238
366,Antonin,Heaslip,aheaslipa5@nifty.com,Male,231.251.174.23
506,Arlen,Arboine,aarboinee1@miibeian.gov.cn,Female,164.46.210.142
697,Arlie,MacCook,amaccookjc@psu.edu,Female,161.8.150.117
81,Arte,Libbie,alibbie28@cyberchimps.com,Male,32.70.68.171
868,Arther,Deary,adearyo3@scientificamerican.com,Male,220.239.106.139
343,Arty,Fewless,afewless9i@cisco.com,Male,45.115.89.210
38,Arvie,Chatburn,achatburn11@plala.or.jp,Male,60.120.42.122
171,Ashby,McTrustey,amctrustey4q@weather.com,Male,248.34.140.122
475,Ashlen,Touret,atouretd6@netvibes.com,Female,96.117.10.27
247,Ashlie,Rubke,arubke6u@amazon.co.jp,Female,133.33.241.142
321,Astrid,Huby,ahuby8w@slate.com,Female,225.198.10.112
943,Aube,Berrisford,aberrisfordq6@360.cn,Male,5.145.139.214
666,August,Heelis,aheelisih@twitter.com,Male,246.50.232.2
74,Augusta,Haton,ahaton21@china.com.cn,Female,61.190.174.16
589,Augustin,Matchett,amatchettgc@tripadvisor.com,Male,132.196.202.65
108,Augustus,Fayre,afayre2z@taobao.com,Male,155.133.69.12
982,Averil,Beddow,abeddowr9@boston.com,Male,55.210.168.92
622,Avictor,Waycott,awaycotth9@umich.edu,Male,141.140.202.218
579,Bailie,Brambill,bbrambillg2@whitehouse.gov,Male,112.242.88.0
722,Bambie,Tease,bteasek1@purevolume.com,Female,121.63.224.38
296,Barbabra,Pace,bpace87@chron.com,Female,154.62.140.140
270,Bari,Cockayme,bcockayme7h@cbsnews.com,Female,222.102.243.109
141,Barnabe,Blabie,bblabie3w@miibeian.gov.cn,Male,110.96.169.7
135,Barnard,Furbank,bfurbank3q@gov.uk,Male,182.255.38.1
288,Barnebas,Bockh,bbockh7z@bloomberg.com,Male,214.190.111.249
547,Barney,Burkitt,bburkittf6@mac.com,Male,76.201.47.188
62,Barrett,Ablitt,bablitt1p@craigslist.org,Male,137.164.199.225
870,Barry,Halvorsen,bhalvorseno5@gmpg.org,Female,207.64.61.28
347,Bartholomeo,Snasdell,bsnasdell9m@timesonline.co.uk,Male,108.216.47.58
46,Beale,Tarr,btarr19@constantcontact.com,Male,241.252.14.213
210,Beaufort,D'Acth,bdacth5t@europa.eu,Male,117.152.76.96
365,Beauregard,McAviy,bmcaviya4@canalblog.com,Male,65.174.51.133
848,Beck,Eilhersen,beilhersennj@ihg.com,Male,212.95.71.176
807,Belva,Crome,bcromeme@baidu.com,Female,164.177.182.161
449,Ben,Reichelt,breicheltcg@columbia.edu,Male,173.16.213.91
131,Beniamino,Bassham,bbassham3m@youtu.be,Male,214.55.142.236
544,Benjie,Berrick,bberrickf3@ihg.com,Male,66.104.38.228
488,Berky,Jeromson,bjeromsondj@google.ru,Male,164.230.230.13
325,Berna,Banck,bbanck90@webnode.com,Female,23.70.237.149
309,Berry,Maccrie,bmaccrie8k@vk.com,Female,78.75.195.211
844,Berry,Mensler,bmenslernf@usa.gov,Female,76.179.197.111
830,Bethany,Yelyashev,byelyashevn1@shutterfly.com,Female,106.136.143.33
451,Bev,Totterdill,btotterdillci@last.fm,Female,148.203.254.194
516,Beverlie,Gladwish,bgladwisheb@kickstarter.com,Female,130.153.129.175
437,Bill,Tummond,btummondc4@ebay.co.uk,Male,36.138.243.79
102,Bird,Floodgate,bfloodgate2t@plala.or.jp,Female,125.183.74.106
571,Bird,Monni,bmonnifu@blogger.com,Female,102.213.195.200
504,Blair,Inett,binettdz@over-blog.com,Male,31.77.123.91
60,Blythe,Lacky,blacky1n@mozilla.org,Female,63.15.127.225
332,Bobbie,Nardoni,bnardoni97@ycombinator.com,Female,144.107.243.254
103,Bobbye,Dory,bdory2u@hao123.com,Female,45.148.136.166
231,Boigie,Stoeck,bstoeck6e@imageshack.us,Male,64.179.71.181
257,Bondie,Della,bdella74@census.gov,Male,1.143.101.56
72,Bondie,Dobeson,bdobeson1z@theatlantic.com,Male,172.11.41.223
410,Bondy,Coulthart,bcoulthartbd@epa.gov,Male,223.180.25.163
769,Bondy,Worsley,bworsleylc@hhs.gov,Male,229.73.197.68
659,Boniface,Downey,bdowneyia@gov.uk,Male,228.26.140.242
400,Bonita,Kelsow,bkelsowb3@scientificamerican.com,Female,30.61.223.84
645,Bonnie,Dilliway,bdilliwayhw@comcast.net,Female,221.124.165.85
194,Boone,Brasner,bbrasner5d@livejournal.com,Male,217.34.189.203
778,Boote,Raspel,braspelll@github.com,Male,124.124.107.49
76,Bordy,Fagence,bfagence23@harvard.edu,Male,166.147.170.78
153,Brade,Chastagnier,bchastagnier48@seattletimes.com,Male,155.76.25.73
627,Bradly,Bustard,bbustardhe@skype.com,Male,71.249.245.245
856,Brady,Dicks,bdicksnr@mtv.com,Male,176.144.73.70
948,Brannon,Calendar,bcalendarqb@github.io,Male,195.16.112.85
63,Breena,Vaun,bvaun1q@booking.com,Female,217.67.136.145
422,Bren,Ivchenko,bivchenkobp@opensource.org,Female,146.179.222.132
972,Brena,Brandes,bbrandesqz@symantec.com,Female,254.20.82.32
176,Brendon,Pyford,bpyford4v@hc360.com,Male,203.196.219.39
391,Brig,Willes,bwillesau@mtv.com,Male,89.93.245.99
689,Brigg,Antonacci,bantonaccij4@etsy.com,Male,188.156.170.129
345,Brigg,Hanscom,bhanscom9k@tmall.com,Male,218.233.165.105
369,Brigitte,Beyn,bbeyna8@wikipedia.org,Female,234.60.121.174
694,Brocky,Bonnett,bbonnettj9@blogspot.com,Male,168.178.63.131
466,Broddie,Chevers,bcheverscx@irs.gov,Male,59.244.144.241
340,Broddy,MacFayden,bmacfayden9f@google.com.br,Male,5.123.10.142
448,Brodie,McComb,bmccombcf@toplist.cz,Male,252.71.113.187
307,Bron,Hawtrey,bhawtrey8i@ed.gov,Male,119.178.160.42
99,Bronnie,Benallack,bbenallack2q@nydailynews.com,Male,39.249.38.10
34,Brooke,Fearnyough,bfearnyoughx@cornell.edu,Female,65.81.171.94
487,Brooks,Penwarden,bpenwardendi@unblog.fr,Female,83.59.163.59
914,Bruis,Hinkes,bhinkespd@friendfeed.com,Male,229.28.91.60
211,Brynna,Sawdy,bsawdy5u@mit.edu,Female,21.95.1.70
156,Buckie,Calladine,bcalladine4b@rediff.com,Male,150.103.167.176
426,Burke,Roylance,broylancebt@shop-pro.jp,Male,216.115.40.27
478,Caddric,Canning,ccanningd9@ezinearticles.com,Male,186.13.34.34
957,Caesar,Zavattieri,czavattieriqk@usatoday.com,Male,16.162.222.165
600,Cairistiona,Gaze,cgazegn@reverbnation.com,Female,37.127.168.48
341,Cami,Palser,cpalser9g@people.com.cn,Female,49.95.30.141
894,Cammi,Simmons,csimmonsot@etsy.com,Female,158.110.162.125
763,Candace,Clist,cclistl6@marketwatch.com,Female,80.80.55.182
963,Candi,Sachno,csachnoqq@hibu.com,Female,193.209.138.41
675,Candida,Kezourec,ckezoureciq@plala.or.jp,Female,7.102.11.47
465,Candide,Jarad,cjaradcw@360.cn,Female,195.8.161.74
764,Candy,Wylder,cwylderl7@china.com.cn,Female,174.81.201.1
911,Caprice,Astbery,castberypa@xinhuanet.com,Female,93.225.251.116
989,Caren,Mountford,cmountfordrg@dailymail.co.uk,Female,143.60.162.14
905,Caresa,Hannigane,channiganep4@rakuten.co.jp,Female,132.240.94.117
505,Caril,Targett,ctargette0@xinhuanet.com,Female,134.61.180.169
399,Carina,Shildrake,cshildrakeb2@hatena.ne.jp,Female,147.193.73.78
20,Carlee,Cape,ccapej@ustream.tv,Female,178.152.142.63
304,Carleton,Bridal,cbridal8f@dmoz.org,Male,45.66.177.161
419,Carlie,Tomik,ctomikbm@amazon.co.uk,Female,45.87.61.50
154,Carmelina,Gurnell,cgurnell49@webmd.com,Female,80.105.28.3
882,Carola,Simson,csimsonoh@deviantart.com,Female,90.225.187.227
681,Caroline,Place,cplaceiw@hp.com,Female,254.29.206.168
533,Caron,Putland,cputlandes@nymag.com,Female,176.2.216.33
512,Cart,Sliney,cslineye7@xrea.com,Male,209.202.100.65
598,Carver,Oxborough,coxboroughgl@usda.gov,Male,94.201.121.22
929,Cassaundra,Gillyett,cgillyettps@reverbnation.com,Female,56.17.249.96
267,Cassey,Gritskov,cgritskov7e@printfriendly.com,Female,226.99.255.101
232,Cassius,Kissick,ckissick6f@washingtonpost.com,Male,34.31.132.153
953,Caterina,Krinks,ckrinksqg@livejournal.com,Female,252.200.17.10
923,Catharine,O'Fallowne,cofallownepm@quantcast.com,Female,159.49.40.81
92,Cathlene,Runcie,cruncie2j@nps.gov,Female,199.81.250.106
469,Cathrine,Thebeau,cthebeaud0@adobe.com,Female,181.150.179.83
317,Cesya,Scholz,cscholz8s@vinaora.com,Female,50.233.151.239
792,Chane,Castell,ccastelllz@mac.com,Male,187.97.154.78
435,Charis,McDonell,cmcdonellc2@salon.com,Female,94.233.148.12
794,Charlena,Sapshed,csapshedm1@chicagotribune.com,Female,44.165.11.17
383,Charlton,Keyden,ckeydenam@networksolutions.com,Male,77.151.182.124
33,Charmaine,Orteu,corteuw@artisteer.com,Female,226.82.30.205
866,Chase,Corker,ccorkero1@google.fr,Male,175.30.44.78
190,Chauncey,Stigger,cstigger59@opensource.org,Male,238.121.76.48
439,Chelsy,Petlyura,cpetlyurac6@aboutads.info,Female,148.203.247.241
25,Chevy,Haveline,chavelineo@homestead.com,Male,142.7.252.146
93,Chickie,Malinowski,cmalinowski2k@kickstarter.com,Female,69.226.123.84
720,Chicky,Easseby,ceassebyjz@si.edu,Male,222.126.58.98
300,Chicky,MacDonald,cmacdonald8b@wiley.com,Male,246.104.1.42
575,Chicky,McKevany,cmckevanyfy@squarespace.com,Male,205.32.255.178
594,Chicky,Ninnis,cninnisgh@mashable.com,Female,210.78.42.112
623,Chiquia,Noblett,cnoblettha@patch.com,Female,54.30.236.63
878,Chiquia,Ratchford,cratchfordod@csmonitor.com,Female,99.129.204.23
543,Chlo,McManus,cmcmanusf2@dell.com,Female,78.214.87.116
397,Chloette,Van der Kruys,cvanderkruysb0@dailymail.co.uk,Female,214.172.33.212
406,Chrissie,Routhorn,crouthornb9@opera.com,Male,82.84.33.175
991,Christina,Beardshall,cbeardshallri@google.nl,Female,141.46.121.91
90,Christy,Pinsent,cpinsent2h@go.com,Male,168.77.217.203
683,Cindelyn,Tenman,ctenmaniy@cam.ac.uk,Female,9.177.109.100
572,Ciro,Killimister,ckillimisterfv@themeforest.net,Male,119.68.148.250
702,Cirstoforo,Margarson,cmargarsonjh@about.me,Male,64.108.68.164
136,Clara,Duggleby,cduggleby3r@illinois.edu,Female,219.88.128.121
263,Clarey,Garlick,cgarlick7a@jigsy.com,Female,114.33.180.114
701,Claudio,Craigmyle,ccraigmylejg@google.co.jp,Male,88.31.146.132
461,Claudius,Seneschal,cseneschalcs@symantec.com,Male,107.97.201.115
944,Clement,Tejero,ctejeroq7@webnode.com,Male,255.172.46.7
85,Cletis,Dobel,cdobel2c@linkedin.com,Male,134.246.89.226
201,Clyde,Gidman,cgidman5k@linkedin.com,Male,225.209.171.1
527,Clyve,MacDermot,cmacdermotem@list-manage.com,Male,196.151.125.94
289,Colan,Osant,cosant80@google.fr,Male,140.255.127.131
638,Colby,Adacot,cadacothp@buzzfeed.com,Male,205.226.141.237
259,Colby,Condliffe,ccondliffe76@e-recht24.de,Male,51.28.64.48
867,Colin,Gradon,cgradono2@ebay.co.uk,Male,211.244.20.77
692,Conni,Kench,ckenchj7@fc2.com,Female,25.222.108.73
362,Connie,McGooch,cmcgoocha1@economist.com,Male,79.33.180.2
967,Connie,Tillard,ctillardqu@gravatar.com,Male,58.158.194.199
430,Connor,Jimenez,cjimenezbx@g.co,Male,57.130.244.55
649,Constancy,Winn,cwinni0@mail.ru,Female,241.192.219.237
130,Constantine,Pittam,cpittam3l@github.io,Male,158.53.205.43
377,Constantino,Bonas,cbonasag@de.vu,Male,224.53.220.224
924,Corby,Kilgour,ckilgourpn@feedburner.com,Male,198.134.119.214
472,Cord,Heavy,cheavyd3@flickr.com,Male,72.94.224.21
812,Cori,Petrolli,cpetrollimj@yale.edu,Female,81.147.40.196
757,Corinna,Bark,cbarkl0@barnesandnoble.com,Female,29.17.17.70
277,Corny,Bentame,cbentame7o@meetup.com,Female,127.53.17.16
652,Cosimo,Roadknight,croadknighti3@telegraph.co.uk,Male,124.71.16.82
614,Crosby,Barnewelle,cbarnewelleh1@tamu.edu,Male,185.74.53.32
738,Cullin,Dyton,cdytonkh@dropbox.com,Male,182.77.74.90
782,Cyb,Espinosa,cespinosalp@nature.com,Female,183.19.28.166
118,Cynthea,Dimbylow,cdimbylow39@barnesandnoble.com,Female,172.52.194.204
691,D'arcy,Layzell,dlayzellj6@bigcartel.com,Male,84.147.224.11
586,Daisie,Iddons,diddonsg9@mit.edu,Female,81.72.59.154
209,Dall,Fanstone,dfanstone5s@about.me,Male,66.152.215.254
420,Dana,De Lasci,ddelascibn@topsy.com,Male,118.176.171.170
95,Dania,Bote,dbote2m@alexa.com,Female,192.254.166.203
716,Danita,McElree,dmcelreejv@bbb.org,Female,202.42.94.36
542,Danny,Clipson,dclipsonf1@pinterest.com,Female,17.229.153.126
55,Daphna,Meachan,dmeachan1i@wikimedia.org,Female,130.195.165.122
755,Darell,Worters,dwortersky@wikimedia.org,Female,114.20.192.85
129,Darelle,Fridd,dfridd3k@google.ru,Female,12.63.169.83
853,Darlene,Barwick,dbarwickno@parallels.com,Female,136.98.239.72
739,Darnell,Riddlesden,driddlesdenki@biblegateway.com,Male,178.24.186.93
588,Darrell,Bartoli,dbartoligb@vkontakte.ru,Male,21.14.29.187
583,Darryl,Levicount,dlevicountg6@microsoft.com,Male,221.118.238.238
286,Dasie,Poskitt,dposkitt7x@jugem.jp,Female,145.110.153.43
298,Dav,Di Iorio,ddiiorio89@w3.org,Male,17.21.141.16
351,Daven,Garz,dgarz9q@apple.com,Male,96.238.242.211
584,Davide,Pautot,dpautotg7@ow.ly,Male,74.244.97.242
18,Davy,Imos,dimosh@flavors.me,Male,57.167.51.204
415,Davy,Wickett,dwickettbi@ucsd.edu,Male,182.110.79.149
986,Ddene,Ewles,dewlesrd@weibo.com,Female,249.222.149.2
639,Deena,Griffitt,dgriffitthq@yellowpages.com,Female,123.14.28.179
227,Deena,Van Oord,dvanoord6a@shareasale.com,Female,245.179.109.205
602,Deidre,Huxster,dhuxstergp@loc.gov,Female,183.222.188.242
679,Delcine,Bates,dbatesiu@digg.com,Female,6.117.232.197
501,Delmor,McDermot,dmcdermotdw@shareasale.com,Male,24.156.196.111
168,Delora,Petrov,dpetrov4n@dyndns.org,Female,216.235.54.7
489,Deloria,Foxen,dfoxendk@sfgate.com,Female,109.149.151.8
146,Delphinia,Ferrant,dferrant41@dmoz.org,Female,38.13.170.81
667,Demetre,Moultrie,dmoultrieii@twitpic.com,Male,115.213.74.56
860,Den,Bisseker,dbissekernv@businesswire.com,Male,124.17.190.252
985,Dennie,Panchen,dpanchenrc@example.com,Male,117.65.197.79
696,Denyse,Berthomieu,dberthomieujb@foxnews.com,Female,110.82.197.36
765,Derick,Munton,dmuntonl8@drupal.org,Male,62.191.26.210
974,Derk,Timoney,dtimoneyr1@trellian.com,Male,159.100.29.193
432,Derril,Teresse,dteressebz@netscape.com,Male,6.195.72.220
721,Derry,Roizin,droizink0@trellian.com,Male,52.213.104.138
335,Derward,Sames,dsames9a@yellowpages.com,Male,210.61.78.98
912,Derwin,Bilby,dbilbypb@epa.gov,Male,196.245.43.142
530,Desmund,Thurnham,dthurnhamep@bbc.co.uk,Male,134.62.237.22
733,Devinne,Creighton,dcreightonkc@nasa.gov,Female,3.35.127.137
314,Diahann,Rosewarne,drosewarne8p@ca.gov,Female,132.218.131.48
855,Diane-marie,Goaley,dgoaleynq@mayoclinic.com,Female,74.244.253.17
625,Dietrich,Cumming,dcumminghc@smh.com.au,Male,235.1.150.46
881,Dilan,Varga,dvargaog@harvard.edu,Male,232.130.234.164
634,Dixie,Underwood,dunderwoodhl@moonfruit.com,Female,244.249.135.73
73,Dominick,Syde,dsyde20@technorati.com,Male,137.89.160.126
496,Donnajean,Routham,drouthamdr@about.me,Female,81.69.75.239
409,Donnell,Learmonth,dlearmonthbc@wordpress.org,Male,232.59.2.150
370,Doralin,Philcock,dphilcocka9@blog.com,Female,125.252.184.33
404,Doralyn,Cridland,dcridlandb7@washington.edu,Female,237.249.72.40
805,Doralynne,Bracegirdle,dbracegirdlemc@ft.com,Female,96.176.106.150
248,Dorelle,McGown,dmcgown6v@psu.edu,Female,38.214.148.78
587,Dorian,MacKellen,dmackellenga@netlog.com,Female,30.192.236.203
239,Dorolice,Hartegan,dhartegan6m@sciencedaily.com,Female,184.163.6.199
327,Dorolice,Pindar,dpindar92@buzzfeed.com,Female,179.5.100.21
599,Doroteya,Clixby,dclixbygm@tumblr.com,Female,177.241.6.225
576,Dorree,Kristoffersen,dkristoffersenfz@gravatar.com,Female,144.255.57.20
493,Dory,Barnewell,dbarnewelldo@msn.com,Female,209.225.216.115
185,Douglas,Andrioni,dandrioni54@blogspot.com,Male,45.233.206.4
244,Doyle,Phalip,dphalip6r@paginegialle.it,Male,113.86.92.219
388,Drona,Tarbet,dtarbetar@bing.com,Female,213.235.20.106
492,Drucy,Danilchev,ddanilchevdn@slideshare.net,Female,70.76.106.170
813,Duky,Oneill,doneillmk@tiny.cc,Male,30.162.54.209
838,Dulcea,Cleugher,dcleughern9@bloomberg.com,Female,178.161.142.12
956,Dulsea,MacLaren,dmaclarenqj@amazon.co.jp,Female,117.231.240.203
946,Durward,Runacres,drunacresq9@homestead.com,Male,164.132.58.21
68,Ealasaid,O'Kenny,eokenny1v@t.co,Female,91.211.243.245
207,Eamon,Tissiman,etissiman5q@a8.net,Male,225.218.170.157
453,Earle,Danett,edanettck@constantcontact.com,Male,201.235.137.186
872,Ebeneser,Pattlel,epattlelo7@wikipedia.org,Male,5.236.120.123
47,Edeline,Czajkowski,eczajkowski1a@youku.com,Female,70.53.2.67
24,Edi,Woodrooffe,ewoodrooffen@prnewswire.com,Female,197.76.125.83
811,Edin,Cordier,ecordiermi@senate.gov,Female,57.4.20.68
795,Editha,Vatini,evatinim2@trellian.com,Female,129.251.248.206
900,Edmund,Guy,eguyoz@nytimes.com,Male,243.134.137.102
167,Eduardo,McIlreavy,emcilreavy4m@cisco.com,Male,244.131.232.154
816,Elbert,Binfield,ebinfieldmn@auda.org.au,Male,42.72.247.122
27,Elbert,MacCrachen,emaccrachenq@ebay.co.uk,Male,20.216.239.123
21,Eldin,Warrilow,ewarrilowk@yelp.com,Male,131.135.219.98
364,Elfrieda,Mannagh,emannagha3@pinterest.com,Female,218.173.30.131
450,Elga,Ware,ewarech@biblegateway.com,Female,22.247.103.86
254,Elihu,Piddick,epiddick71@howstuffworks.com,Male,37.141.98.88
269,Elke,Goss,egoss7g@i2i.jp,Female,3.139.247.159
52,Ellerey,Shillaber,eshillaber1f@businessweek.com,Male,144.179.107.72
474,Elmore,Wayman,ewaymand5@sitemeter.com,Male,15.24.246.159
595,Elnora,De Domenicis,ededomenicisgi@epa.gov,Female,99.31.244.50
447,Elora,Finding,efindingce@cpanel.net,Female,87.28.30.18
735,Elsie,Dering,ederingke@de.vu,Female,45.163.88.221
999,Ely,Merrikin,emerrikinrq@lulu.com,Male,48.49.149.69
126,Emalia,Skoyles,eskoyles3h@xing.com,Female,171.168.60.55
436,Emelia,Bilverstone,ebilverstonec3@slideshare.net,Female,47.92.132.107
348,Emeline,Joburn,ejoburn9n@flavors.me,Female,81.210.141.37
164,Emlen,Baser,ebaser4j@google.co.jp,Male,249.157.183.164
64,Emmerich,Enric,eenric1r@dell.com,Male,83.215.153.177
220,Erhart,Merkle,emerkle63@cnbc.com,Male,202.130.197.183
753,Erich,Clericoates,eclericoateskw@51.la,Male,119.7.182.135
750,Ernest,Tigner,etignerkt@google.cn,Male,196.104.95.1
852,Ernestine,Kepp,ekeppnn@fastcompany.com,Female,143.122.77.221
395,Esma,Cashley,ecashleyay@geocities.jp,Female,212.203.126.114
975,Esmaria,Lidster,elidsterr2@si.edu,Female,134.127.108.219
318,Esme,Crotty,ecrotty8t@reuters.com,Female,200.141.232.225
446,Ethelbert,Dameisele,edameiselecd@trellian.com,Male,230.103.142.81
333,Ethelyn,Aslett,easlett98@hexun.com,Female,125.227.62.206
56,Etti,Medcalf,emedcalf1j@ox.ac.uk,Female,109.97.252.209
468,Eugenie,Reschke,ereschkecz@360.cn,Female,189.29.223.80
495,Evin,Andre,eandredq@unicef.org,Male,238.55.190.120
218,Evvie,Borrel,eborrel61@soundcloud.com,Female,80.185.96.20
427,Faber,Bricksey,fbrickseybu@slashdot.org,Male,152.241.221.89
730,Fanchette,Iveagh,fiveaghk9@feedburner.com,Female,176.26.205.52
336,Fara,Cheley,fcheley9b@hibu.com,Female,181.68.85.162
928,Farlay,Beldom,fbeldompr@si.edu,Male,183.223.186.171
521,Farly,Kops,fkopseg@ca.gov,Male,67.119.4.187
86,Farr,Nann,fnann2d@gnu.org,Male,95.177.230.195
621,Faunie,Figgess,ffiggessh8@china.com.cn,Female,132.94.80.250
590,Fay,Dittson,fdittsongd@shinystat.com,Female,94.99.22.223
152,Fayre,Gail,fgail47@whitehouse.gov,Female,68.90.32.128
417,Fayre,Mival,fmivalbk@unc.edu,Female,162.59.181.170
313,Felecia,Robertelli,frobertelli8o@cloudflare.com,Female,155.123.23.48
100,Fernandina,Ledekker,fledekker2r@feedburner.com,Female,6.228.102.53
517,Ferne,Jemmison,fjemmisonec@indiegogo.com,Female,41.124.151.44
752,Ferris,Norcliffe,fnorcliffekv@ftc.gov,Male,72.83.9.48
212,Fidel,Allard,fallard5v@networkadvertising.org,Male,196.96.73.135
789,Filberte,Ingleton,fingletonlw@google.nl,Male,224.88.117.232
414,Filippo,Kinahan,fkinahanbh@buzzfeed.com,Male,61.80.221.220
357,Fin,Avrahamov,favrahamov9w@tuttocitta.it,Male,167.15.142.121
322,Finn,Genny,fgenny8x@seattletimes.com,Male,191.75.10.28
858,Fionna,Dounbare,fdounbarent@smugmug.com,Female,253.132.177.134
282,Flemming,Woolmore,fwoolmore7t@businessinsider.com,Male,247.222.243.95
271,Fleur,O'Hoey,fohoey7i@gov.uk,Female,242.32.217.160
382,Fleurette,Filipczynski,ffilipczynskial@amazon.com,Female,90.171.249.79
477,Florella,Sugden,fsugdend8@w3.org,Female,106.246.246.9
610,Florence,Tatteshall,ftatteshallgx@aboutads.info,Female,98.9.78.5
607,Floria,Mattheissen,fmattheissengu@weather.com,Female,116.247.205.148
105,Floris,Koppens,fkoppens2w@mac.com,Female,175.156.0.98
19,Forrester,Brisley,fbrisleyi@nytimes.com,Male,201.232.156.58
969,Forster,Lunam,flunamqw@weebly.com,Male,217.248.153.201
522,Francklyn,O'Dempsey,fodempseyeh@creativecommons.org,Male,203.217.139.56
921,Frannie,Gostling,fgostlingpk@deviantart.com,Male,187.223.228.109
29,Franny,Cabble,fcabbles@homestead.com,Male,94.164.68.76
642,Fransisco,Arkil,farkilht@cnet.com,Male,147.242.205.3
67,Fraser,Grinston,fgrinston1u@skyrock.com,Male,136.9.159.0
50,Fred,Downham,fdownham1d@exblog.jp,Male,112.144.230.129
192,Frederick,Ramiro,framiro5b@cmu.edu,Male,165.159.182.85
551,Frederigo,Longstaff,flongstafffa@last.fm,Male,192.76.8.181
246,Free,Dewey,fdewey6t@storify.com,Male,196.22.239.35
473,Freeman,Rochell,frochelld4@nsw.gov.au,Male,21.46.68.46
626,Gabby,Shinton,gshintonhd@deliciousdays.com,Male,178.39.176.73
163,Gabi,Kidstoun,gkidstoun4i@buzzfeed.com,Male,139.205.25.187
710,Gabrielle,Bradie,gbradiejp@upenn.edu,Female,61.63.176.192
835,Gaelan,Stark,gstarkn6@theglobeandmail.com,Male,69.131.36.223
44,Gage,Gerrett,ggerrett17@pen.io,Male,254.148.235.75
200,Gan,Rickell,grickell5j@auda.org.au,Male,235.107.112.250
503,Garfield,Debell,gdebelldy@fc2.com,Male,187.135.218.128
917,Garrett,Sapena,gsapenapg@simplemachines.org,Male,185.226.160.91
962,Garwin,Kira,gkiraqp@ifeng.com,Male,10.199.224.143
538,Gavan,Paschke,gpaschkeex@scientificamerican.com,Male,60.228.209.60
831,Gavrielle,Fife,gfifen2@answers.com,Female,78.175.61.177
331,Gayla,Crouse,gcrouse96@ning.com,Female,93.22.60.168
992,Gaylene,Grishukhin,ggrishukhinrj@technorati.com,Female,53.210.127.59
223,Genni,Priest,gpriest66@nasa.gov,Female,24.1.54.197
557,Genvieve,Bucher,gbucherfg@issuu.com,Female,26.160.3.138
374,Georas,Bellham,gbellhamad@elegantthemes.com,Male,66.79.192.177
187,Geordie,Coate,gcoate56@phoca.cz,Male,124.210.37.21
295,Georgie,Geydon,ggeydon86@pinterest.com,Male,230.173.253.40
913,Gerald,Sepey,gsepeypc@abc.net.au,Male,114.156.28.2
499,Gerard,Whiteside,gwhitesidedu@ed.gov,Male,79.177.71.168
714,Gerhardt,Ubsdell,gubsdelljt@examiner.com,Male,47.242.84.151
208,Gerick,Burch,gburch5r@uol.com.br,Male,5.173.206.241
732,Gerti,Regnard,gregnardkb@xing.com,Female,126.247.49.38
470,Gertrude,Drakeley,gdrakeleyd1@domainmarket.com,Female,7.38.93.209
385,Gerty,Brignell,gbrignellao@sun.com,Female,20.118.189.91
182,Gian,Eubank,geubank51@sourceforge.net,Male,24.182.248.40
346,Giffie,Carillo,gcarillo9l@businessinsider.com,Male,33.187.94.96
951,Gillie,Ramsay,gramsayqe@dell.com,Female,9.36.158.55
293,Ginger,Leathard,gleathard84@cloudflare.com,Male,214.176.137.201
5,Gisela,Petre,gpetre4@bloglovin.com,Female,12.198.100.174
161,Giulio,Barchrameev,gbarchrameev4g@indiegogo.com,Male,238.154.130.104
350,Glad,Fulle,gfulle9p@rakuten.co.jp,Female,190.20.91.177
511,Gloria,Leonard,gleonarde6@tamu.edu,Female,234.137.189.65
869,Goldina,Sefton,gseftono4@instagram.com,Female,122.204.50.86
66,Goober,Kocher,gkocher1t@geocities.com,Male,42.113.39.186
604,Goraud,Ewert,gewertgr@woothemes.com,Male,61.16.108.63
950,Gracia,Scobbie,gscobbieqd@fema.gov,Female,182.13.239.204
996,Gram,Hanway,ghanwayrn@digg.com,Male,9.116.29.248
408,Gregorio,Simmig,gsimmigbb@amazon.co.jp,Male,63.89.40.229
793,Gretel,Ottawell,gottawellm0@xrea.com,Female,166.208.50.202
814,Gui,Pottell,gpottellml@gnu.org,Female,116.51.45.58
718,Gustaf,Lankham,glankhamjx@timesonline.co.uk,Male,220.168.59.162
840,Gwendolen,Minear,gminearnb@springer.com,Female,225.9.186.26
768,Gwendolin,Bulbrook,gbulbrooklb@google.pl,Female,158.79.151.68
700,Hadria,Galliver,hgalliverjf@nationalgeographic.com,Female,246.133.75.11
51,Hadrian,Rosenblatt,hrosenblatt1e@merriam-webster.com,Male,168.121.46.166
128,Hal,Southway,hsouthway3j@qq.com,Male,179.139.227.72
916,Haleigh,Hadleigh,hhadleighpf@xinhuanet.com,Male,87.77.119.13
651,Haleigh,Hellewell,hhellewelli2@eepurl.com,Male,229.140.151.128
980,Hall,Lehrer,hlehrerr7@blinklist.com,Male,230.228.153.130
442,Hallie,Fadell,hfadellc9@ycombinator.com,Female,228.143.254.99
537,Hamlin,Reihm,hreihmew@multiply.com,Male,189.91.33.214
191,Hans,Grutchfield,hgrutchfield5a@webs.com,Male,59.166.111.146
854,Hansiain,Allderidge,hallderidgenp@is.gd,Male,144.108.88.113
45,Harlin,Lisciandri,hlisciandri18@reverbnation.com,Male,42.17.5.4
712,Harmonia,Bubeer,hbubeerjr@java.com,Female,81.151.80.105
353,Haroun,Walkley,hwalkley9s@gmpg.org,Male,21.111.94.92
462,Harriet,Bradtke,hbradtkect@topsy.com,Female,92.136.27.85
342,Harriot,Ellacott,hellacott9h@sina.com.cn,Female,80.35.244.60
14,Hattie,Petre,hpetred@dailymotion.com,Female,131.226.70.177
806,Hayward,Ringe,hringemd@prlog.org,Male,1.163.21.148
708,Heinrik,Jaffrey,hjaffreyjn@sourceforge.net,Male,208.147.210.88
968,Henka,Bierling,hbierlingqv@chronoengine.com,Female,124.240.127.223
412,Herc,Eisenberg,heisenbergbf@unc.edu,Male,75.35.109.71
799,Herculie,Trebble,htrebblem6@ovh.net,Male,94.181.68.73
624,Hermie,Beranek,hberanekhb@ycombinator.com,Male,217.123.38.22
618,Hertha,Habishaw,hhabishawh5@admin.ch,Female,34.124.82.43
222,Hertha,Jeste,hjeste65@abc.net.au,Female,247.120.84.251
117,Hervey,Samwayes,hsamwayes38@netscape.com,Male,230.149.186.163
668,Hestia,Kernermann,hkernermannij@ucla.edu,Female,120.171.0.246
669,Hestia,Renad,hrenadik@yolasite.com,Female,35.149.245.201
315,Hewitt,Scrogges,hscrogges8q@foxnews.com,Male,88.227.66.54
871,Heywood,Haslehurst,hhaslehursto6@scientificamerican.com,Male,202.125.74.249
416,Hieronymus,Tuffs,htuffsbj@tripadvisor.com,Male,230.63.71.111
915,Hilliard,Chsteney,hchsteneype@google.fr,Male,38.76.74.165
959,Hilliard,Thorald,hthoraldqm@gravatar.com,Male,7.211.131.222
744,Hilliary,Canham,hcanhamkn@arstechnica.com,Female,91.28.97.54
979,Hobey,Shimmings,hshimmingsr6@tinypic.com,Male,40.132.193.229
824,Hollis,Pye,hpyemv@unicef.org,Male,31.131.19.191
938,Holly,Dickons,hdickonsq1@examiner.com,Male,117.221.185.113
740,Horace,Bernet,hbernetkj@about.com,Male,162.41.41.188
43,Howie,Marsters,hmarsters16@nyu.edu,Male,227.176.29.196
525,Hoyt,Laskey,hlaskeyek@meetup.com,Male,249.117.103.171
940,Hubey,McAdam,hmcadamq3@wiley.com,Male,43.66.176.115
155,Hyatt,Caldecott,hcaldecott4a@hp.com,Male,92.158.145.204
30,Ida,Wellington,iwellingtont@psu.edu,Female,60.232.110.248
1,Ike,Kneel,ikneel0@nytimes.com,Male,169.26.19.82
387,Ingar,Duplock,iduplockaq@clickbank.net,Male,143.104.145.99
151,Inger,Bellard,ibellard46@gnu.org,Male,237.116.131.182
184,Inigo,Tilte,itilte53@arizona.edu,Male,118.230.232.59
613,Iormina,Franceschino,ifranceschinoh0@trellian.com,Female,235.222.193.92
960,Iosep,Coxen,icoxenqn@netvibes.com,Male,84.118.6.134
780,Isabel,Verney,iverneyln@berkeley.edu,Female,5.87.95.165
864,Isabelita,Filipczynski,ifilipczynskinz@businessweek.com,Female,28.203.110.28
528,Isac,Dakhno,idakhnoen@mayoclinic.com,Male,55.211.249.41
655,Isis,Mant,imanti6@angelfire.com,Female,253.82.223.182
144,Itch,Niccols,iniccols3z@networksolutions.com,Male,186.123.198.213
380,Ivonne,Eversfield,ieversfieldaj@usda.gov,Female,13.206.152.166
238,Ivy,Culwen,iculwen6l@ucoz.com,Female,137.134.22.197
94,Izabel,Kivell,ikivell2l@scribd.com,Female,166.199.182.73
546,Jacqui,MacCostigan,jmaccostiganf5@rambler.ru,Female,140.237.181.162
791,Jameson,Meeke,jmeekely@blogger.com,Male,42.114.234.164
252,Jana,Matysik,jmatysik6z@admin.ch,Female,220.180.135.141
138,Janeczka,Nettles,jnettles3t@mysql.com,Female,62.183.40.95
523,Janice,Strudwick,jstrudwickei@ameblo.jp,Female,63.15.135.245
984,Jannelle,Rabley,jrableyrb@imageshack.us,Female,109.86.109.98
612,Jaquelin,Viel,jvielgz@wp.com,Female,137.2.164.139
159,Jarret,Weich,jweich4e@sogou.com,Male,58.134.89.241
918,Jasmina,Foskett,jfoskettph@rambler.ru,Female,109.170.222.19
646,Jazmin,McGaffey,jmcgaffeyhx@goodreads.com,Female,137.221.137.250
876,Jennilee,Copcott,jcopcottob@bloomberg.com,Female,74.33.230.170
379,Jeramie,Brodeur,jbrodeurai@un.org,Male,135.73.46.4
306,Jerrilee,Stenners,jstenners8h@hc360.com,Female,157.44.247.80
973,Jessalyn,Masurel,jmasurelr0@nsw.gov.au,Female,236.176.20.245
42,Jessamyn,Cowherd,jcowherd15@hao123.com,Female,33.96.135.239
424,Jewel,Maffulli,jmaffullibr@google.com.au,Female,202.32.91.194
520,Jewell,Goldstein,jgoldsteinef@simplemachines.org,Female,189.149.22.142
32,Jillian,Trimmell,jtrimmellv@tamu.edu,Female,12.186.154.106
920,Joachim,Glowacki,jglowackipj@sbwire.com,Male,1.231.128.252
743,Job,Comfort,jcomfortkm@phpbb.com,Male,9.190.143.39
693,Job,Popham,jpophamj8@quantcast.com,Male,222.64.204.191
820,Jobina,Burns,jburnsmr@eventbrite.com,Female,113.108.241.27
737,Jobina,Grimes,jgrimeskg@cdc.gov,Female,212.121.27.83
443,Jobyna,Jardine,jjardineca@yale.edu,Female,231.165.120.69
585,Jocelin,Scudder,jscudderg8@dyndns.org,Female,226.8.1.20
726,Jocelyn,Malletratt,jmalletrattk5@statcounter.com,Female,128.81.156.251
615,Jodee,Spennock,jspennockh2@ow.ly,Female,33.51.143.187
897,Joellen,Hanham,jhanhamow@weather.com,Female,186.130.184.248
674,Joellyn,Pouton,jpoutonip@yelp.com,Female,196.93.205.209
563,Johannah,Leisk,jleiskfm@wufoo.com,Female,191.37.172.55
143,Johannes,Farfalameev,jfarfalameev3y@purevolume.com,Male,111.253.199.93
803,Johna,Redpath,jredpathma@imgur.com,Female,163.193.39.206
230,Joly,Watson-Brown,jwatsonbrown6d@eventbrite.com,Female,112.157.133.92
189,Jordanna,Eastbury,jeastbury58@hatena.ne.jp,Female,149.138.40.130
711,Jorgan,Mc Corley,jmccorleyjq@myspace.com,Male,97.226.158.0
849,Jorry,Million,jmillionnk@ted.com,Female,34.245.70.87
224,Jose,Zeplin,jzeplin67@usa.gov,Male,129.141.150.182
781,Joseph,MacClancey,jmacclanceylo@narod.ru,Male,162.164.149.148
861,Joshuah,Harmour,jharmournw@acquirethisname.com,Male,31.80.61.110
671,Joyan,Stump,jstumpim@smugmug.com,Female,111.80.143.62
684,Jozef,Ovey,joveyiz@springer.com,Male,108.174.230.178
875,Juieta,Coffin,jcoffinoa@blog.com,Female,214.110.55.92
330,Juli,Gerry,jgerry95@mediafire.com,Female,84.62.13.194
110,Juliana,Hearons,jhearons31@delicious.com,Female,210.40.143.252
386,Julina,Castillou,jcastillouap@example.com,Female,246.52.246.183
724,Junia,Surtees,jsurteesk3@blog.com,Female,146.200.10.147
717,Kala,Mingame,kmingamejw@nifty.com,Female,135.34.215.195
242,Kaleb,Metson,kmetson6p@prlog.org,Male,73.43.153.91
937,Kandy,Samuels,ksamuelsq0@uol.com.br,Female,107.35.144.142
930,Kare,Harce,kharcept@typepad.com,Female,131.83.230.50
601,Karena,Kordova,kkordovago@upenn.edu,Female,219.253.121.209
857,Karilynn,Shoobridge,kshoobridgens@ebay.com,Female,82.152.7.74
910,Karim,Croce,kcrocep9@techcrunch.com,Male,175.47.90.132
880,Karita,Haddow,khaddowof@yahoo.com,Female,71.31.99.132
556,Karlik,Corona,kcoronaff@ezinearticles.com,Male,177.109.62.114
441,Karlotte,Pratton,kprattonc8@buzzfeed.com,Female,215.228.7.247
120,Kasey,Gierek,kgierek3b@xrea.com,Female,241.6.108.14
196,Kassey,Caccavale,kcaccavale5f@linkedin.com,Female,11.132.123.35
7,Katrinka,Sawart,ksawart6@google.de,Female,186.219.177.184
591,Katti,Allett,kallettge@toplist.cz,Female,219.37.113.77
574,Katy,Cruickshank,kcruickshankfx@acquirethisname.com,Female,230.186.23.235
934,Kaycee,Rosell,krosellpx@slate.com,Female,46.168.199.207
219,Kaylil,Rosenstein,krosenstein62@utexas.edu,Female,1.142.45.36
147,Kearney,Douglass,kdouglass42@last.fm,Male,9.130.119.96
658,Keeley,Whillock,kwhillocki9@cdc.gov,Female,133.62.102.23
10,Keene,Fruen,kfruen9@youtube.com,Male,129.248.201.228
761,Kellia,Cruft,kcruftl4@illinois.edu,Female,177.149.35.143
964,Kenny,Semarke,ksemarkeqr@ask.com,Male,126.53.32.49
170,Kerby,Abad,kabad4p@artisteer.com,Male,146.24.67.200
650,Kerby,Sedgeman,ksedgemani1@tamu.edu,Male,175.173.140.104
970,Kermy,Fey,kfeyqx@dailymotion.com,Male,111.106.73.27
203,Kerr,McGeouch,kmcgeouch5m@vinaora.com,Male,104.180.236.143
561,Kerry,Joselevitch,kjoselevitchfk@infoseek.co.jp,Female,45.114.110.27
175,Kessia,Hele,khele4u@cocolog-nifty.com,Female,89.195.229.200
158,Kettie,Smalman,ksmalman4d@ocn.ne.jp,Female,196.250.67.247
310,Ketty,Rean,krean8l@huffingtonpost.com,Female,149.124.220.109
132,Kevan,Jandl,kjandl3n@bluehost.com,Male,176.224.106.86
491,Kevon,Cuerda,kcuerdadm@cloudflare.com,Male,61.170.250.9
482,Kiersten,Fulstow,kfulstowdd@state.tx.us,Female,92.152.27.249
455,Kiersten,Silverton,ksilvertoncm@usnews.com,Female,51.140.188.179
965,Killian,Ebourne,kebourneqs@boston.com,Male,179.97.173.246
751,Kimball,Junkison,kjunkisonku@stumbleupon.com,Male,67.5.146.201
749,Kin,Casterot,kcasterotks@google.cn,Male,48.223.151.246
361,Kincaid,Mazzey,kmazzeya0@cnet.com,Male,213.205.57.236
97,Kingsley,Seale,kseale2o@gizmodo.com,Male,11.191.73.55
766,Kinny,Ashleigh,kashleighl9@last.fm,Male,236.199.49.157
901,Kipper,Harsum,kharsump0@cdbaby.com,Male,143.192.46.33
605,Kissee,Fronsek,kfronsekgs@dagondesign.com,Female,143.219.26.24
955,Kitty,Emma,kemmaqi@vkontakte.ru,Female,172.44.222.197
754,Korie,Guerrazzi,kguerrazzikx@yahoo.co.jp,Female,200.9.76.139
285,Korney,Murtimer,kmurtimer7w@bizjournals.com,Female,134.136.80.6
787,Kris,Dyton,kdytonlu@seattletimes.com,Female,121.187.112.10
581,Kris,Rushmare,krushmareg4@diigo.com,Male,192.13.112.43
529,Krissie,Cutler,kcutlereo@pcworld.com,Female,101.30.149.138
358,Kriste,Ingerith,kingerith9x@house.gov,Female,67.11.180.161
699,Krystle,Aguirrezabala,kaguirrezabalaje@wufoo.com,Female,245.97.97.225
456,Kurt,Pochon,kpochoncn@w3.org,Male,199.171.190.130
670,Ky,Riordan,kriordanil@pen.io,Male,227.97.254.2
719,Kyrstin,Behnecke,kbehneckejy@cisco.com,Female,81.183.89.159
889,Lacy,Laurenceau,llaurenceauoo@deviantart.com,Female,57.50.141.113
36,Lalo,Savory,lsavoryz@ezinearticles.com,Male,202.35.128.90
96,Lancelot,Hayford,lhayford2n@discuz.net,Male,119.242.13.199
452,Laney,Waylett,lwaylettcj@jalbum.net,Male,196.130.62.255
216,Lanny,McBrier,lmcbrier5z@stanford.edu,Male,213.171.33.52
877,Laraine,Zorer,lzoreroc@disqus.com,Female,167.62.83.36
513,Latrina,Bosson,lbossone8@joomla.org,Female,164.100.155.147
9,Latrina,Rose,lrose8@google.cn,Female,187.186.193.171
183,Lauree,Stockin,lstockin52@hc360.com,Female,207.32.176.99
292,Lawry,Gogay,lgogay83@cpanel.net,Male,18.187.80.54
907,Leesa,Petrichat,lpetrichatp6@vinaora.com,Female,78.78.226.230
396,Leontyne,Kreber,lkreberaz@independent.co.uk,Female,164.182.63.155
480,Lesley,Haswell,lhaswelldb@pen.io,Female,20.116.126.167
454,Leta,Grimble,lgrimblecl@google.pl,Female,79.148.251.32
790,Leupold,Richings,lrichingslx@nps.gov,Male,74.107.96.126
157,Levin,Goadsby,lgoadsby4c@nifty.com,Male,225.174.120.160
903,Lexy,Kerford,lkerfordp2@columbia.edu,Female,244.19.235.64
390,Lexy,Purdon,lpurdonat@mysql.com,Female,115.195.181.70
775,Lindy,Gossan,lgossanli@bravesites.com,Female,195.233.220.26
524,Linus,Sheringham,lsheringhamej@addtoany.com,Male,233.188.95.201
565,Lisbeth,Trigwell,ltrigwellfo@apache.org,Female,48.178.156.13
297,Livia,Seller,lseller88@mlb.com,Female,180.252.156.129
983,Livy,Cowing,lcowingra@istockphoto.com,Female,17.148.76.41
895,Livy,Cowmeadow,lcowmeadowou@4shared.com,Female,206.64.140.183
79,Lizzie,Rogliero,lrogliero26@skyrock.com,Female,78.130.32.180
481,Loleta,Pordall,lpordalldc@google.co.uk,Female,131.19.219.243
384,Loren,Antonellini,lantonellinian@facebook.com,Male,209.96.219.141
552,Loren,Croce,lcrocefb@bbc.co.uk,Female,61.99.25.231
140,Lorena,Arnoldi,larnoldi3v@mlb.com,Female,83.52.197.73
843,Lothario,Brocket,lbrocketne@nasa.gov,Male,65.215.233.62
577,Lotta,Matterdace,lmatterdaceg0@dagondesign.com,Female,234.107.241.107
630,Lotte,Dunsire,ldunsirehh@ask.com,Female,134.208.102.179
215,Lowell,Eades,leades5y@istockphoto.com,Male,215.201.179.139
945,Loydie,Wallington,lwallingtonq8@state.gov,Male,196.173.113.57
888,Luca,Dukesbury,ldukesburyon@gmpg.org,Male,143.70.233.170
898,Luce,Heine,lheineox@amazonaws.com,Male,169.254.165.95
745,Lucine,Steggles,lstegglesko@sourceforge.net,Female,28.142.1.46
519,Lucita,Brunnstein,lbrunnsteinee@privacy.gov.au,Female,71.83.6.192
181,Lucy,Woodall,lwoodall50@google.co.jp,Female,140.174.51.155
971,Ludvig,Bassford,lbassfordqy@apple.com,Male,25.77.75.79
891,Ludwig,Malitrott,lmalitrottoq@springer.com,Male,191.241.132.103
316,Luis,Bagshaw,lbagshaw8r@amazon.co.uk,Male,191.241.242.39
225,Lydie,Leechman,lleechman68@w3.org,Female,159.43.32.57
502,Lynsey,Luck,lluckdx@barnesandnoble.com,Female,255.83.12.15
119,Mackenzie,Weall,mweall3a@ezinearticles.com,Male,181.252.98.151
573,Madalena,Morin,mmorinfw@unicef.org,Female,239.151.165.136
635,Madalyn,Chasmor,mchasmorhm@meetup.com,Female,180.218.221.33
28,Maddi,McGrah,mmcgrahr@china.com.cn,Female,77.3.239.176
261,Madella,Pilsbury,mpilsbury78@google.co.uk,Female,177.226.137.229
887,Maegan,Shavel,mshavelom@odnoklassniki.ru,Female,21.208.120.56
728,Magdaia,Abdy,mabdyk7@webnode.com,Female,135.199.74.0
526,Mahmud,Stennard,mstennardel@newyorker.com,Male,89.239.199.197
688,Mair,Cossam,mcossamj3@yahoo.com,Female,44.169.138.147
947,Maitilde,Lorroway,mlorrowayqa@google.ca,Female,89.167.94.59
804,Major,Knagges,mknaggesmb@ask.com,Male,183.240.185.215
993,Malanie,Rowledge,mrowledgerk@nasa.gov,Female,143.133.248.20
234,Malcolm,Ingerson,mingerson6h@tamu.edu,Male,95.31.218.123
440,Malia,Christofol,mchristofolc7@theguardian.com,Female,197.12.11.64
205,Mandi,Stocky,mstocky5o@ifeng.com,Female,188.218.51.230
186,Manuel,Clavey,mclavey55@technorati.com,Male,209.148.159.61
402,Mar,Ronnay,mronnayb5@ucoz.com,Male,12.195.107.160
84,Marcos,Dodimead,mdodimead2b@china.com.cn,Male,62.206.111.196
111,Mariam,Chattaway,mchattaway32@de.vu,Female,250.191.29.198
762,Mariquilla,Miklem,mmikleml5@columbia.edu,Female,180.95.29.109
908,Marjie,Dorricott,mdorricottp7@etsy.com,Female,152.10.132.223
262,Marlane,Bumford,mbumford79@typepad.com,Female,26.1.38.62
425,Marlow,Kikke,mkikkebs@ted.com,Male,246.44.163.178
818,Marquita,Stivani,mstivanimp@netvibes.com,Female,208.109.16.227
884,Marrilee,Pallent,mpallentoj@icq.com,Female,89.188.165.101
759,Marris,Rizzi,mrizzil2@mlb.com,Female,76.56.199.42
137,Marsh,Sprosson,msprosson3s@uiuc.edu,Male,94.111.253.167
641,Martainn,Hunnawill,mhunnawillhs@studiopress.com,Male,204.7.46.142
122,Martha,Janecek,mjanecek3d@bing.com,Female,73.201.101.249
305,Martin,Berrane,mberrane8g@earthlink.net,Male,40.154.138.109
961,Marty,Chamberlayne,mchamberlayneqo@geocities.com,Male,158.109.102.155
381,Martyn,Benezet,mbenezetak@nih.gov,Male,140.107.48.240
303,Marven,Dommerque,mdommerque8e@techcrunch.com,Male,202.23.105.218
633,Marvin,Meek,mmeekhk@artisteer.com,Male,244.235.96.18
6,Marybelle,Banbrick,mbanbrick5@patch.com,Female,18.83.238.208
139,Mata,Habbert,mhabbert3u@ft.com,Male,32.46.34.47
3,Maura,Everton,meverton2@hao123.com,Female,168.87.104.86
549,Maure,Kinnett,mkinnettf8@usnews.com,Female,70.192.179.21
663,Max,Longwood,mlongwoodie@skyrock.com,Female,189.84.124.109
568,Maximilien,Ullett,mullettfr@g.co,Male,122.14.105.3
70,Meggi,Bedlington,mbedlington1x@twitter.com,Female,109.152.0.86
101,Melania,Pie,mpie2s@barnesandnoble.com,Female,55.229.175.2
825,Melanie,Vondruska,mvondruskamw@npr.org,Female,247.74.129.128
418,Melba,Askey,maskeybl@businessweek.com,Female,165.60.205.43
656,Melessa,Vinecombe,mvinecombei7@earthlink.net,Female,212.195.167.108
859,Mellie,Chatell,mchatellnu@amazon.co.jp,Female,40.234.142.97
767,Mellisent,Leinweber,mleinweberla@sogou.com,Female,171.131.63.229
2,Meredeth,Burril,mburril1@themeforest.net,Male,118.17.255.37
569,Merline,Kimbley,mkimbleyfs@amazonaws.com,Female,138.8.126.133
199,Merralee,Neward,mneward5i@t-online.de,Female,184.213.54.235
647,Merrick,Novotna,mnovotnahy@t.co,Male,20.31.10.180
165,Merwyn,Houseman,mhouseman4k@digg.com,Male,226.73.105.59
676,Merwyn,Varcoe,mvarcoeir@alexa.com,Male,141.247.110.191
823,Michaela,Ishak,mishakmu@joomla.org,Female,175.253.90.167
637,Michaeline,Runcie,mruncieho@rambler.ru,Female,183.174.30.120
355,Michal,Brocklehurst,mbrocklehurst9u@theguardian.com,Male,118.36.143.64
535,Mignon,Devorill,mdevorilleu@blogspot.com,Female,177.105.147.57
339,Miguela,Hallbord,mhallbord9e@google.com,Female,224.159.26.76
371,Mikol,Horbath,mhorbathaa@yelp.com,Male,42.227.195.123
678,Mikol,Ledson,mledsonit@google.nl,Male,133.210.75.14
57,Milly,Creebo,mcreebo1k@psu.edu,Female,220.1.193.149
354,Mirabel,Tordiffe,mtordiffe9t@woothemes.com,Female,248.21.15.194
559,Mireille,Aris,marisfi@mozilla.com,Female,222.61.78.49
788,Modesty,Dulany,mdulanylv@vk.com,Female,25.109.248.1
359,Modesty,Heake,mheake9y@cloudflare.com,Female,43.63.242.187
899,Morie,Dymott,mdymottoy@webmd.com,Male,227.25.12.162
592,Morten,De Dantesie,mdedantesiegf@ehow.com,Male,139.106.54.157
148,Morty,Coy,mcoy43@vinaora.com,Male,199.87.89.220
172,Mureil,Lehon,mlehon4r@kickstarter.com,Female,36.140.136.37
723,Murry,Adelman,madelmank2@wufoo.com,Male,160.192.160.71
593,Nahum,Cockrem,ncockremgg@miibeian.gov.cn,Male,194.73.137.253
550,Nananne,Shimman,nshimmanf9@indiegogo.com,Female,254.200.8.213
514,Nanci,Copestake,ncopestakee9@youku.com,Female,4.96.141.163
83,Nannette,Suermeiers,nsuermeiers2a@vkontakte.ru,Female,98.191.195.15
12,Nara,Biever,nbieverb@plala.or.jp,Female,33.101.12.118
460,Natal,Durtnal,ndurtnalcr@usnews.com,Male,68.234.138.174
746,Nataline,Cornborough,ncornboroughkp@springer.com,Female,176.250.71.207
562,Nathalia,Rubenovic,nrubenovicfl@smh.com.au,Female,83.248.14.220
713,Nathalie,Croson,ncrosonjs@newyorker.com,Female,40.166.114.64
540,Nathanil,Karpenko,nkarpenkoez@disqus.com,Male,78.150.160.155
890,Nedda,Urian,nurianop@vkontakte.ru,Female,140.180.156.171
509,Nefen,Barribal,nbarribale4@cloudflare.com,Male,150.226.62.55
114,Nehemiah,Fairy,nfairy35@businessinsider.com,Male,48.17.155.133
373,Nehemiah,Yeo,nyeoac@bloglovin.com,Male,121.45.33.82
507,Nessy,Coleiro,ncoleiroe2@wikia.com,Female,63.58.159.184
279,Nevil,Kolakovic,nkolakovic7q@irs.gov,Male,180.247.93.24
698,Nevile,Greendale,ngreendalejd@webmd.com,Male,227.45.11.132
217,Nicko,Tingly,ntingly60@phoca.cz,Male,254.251.21.95
865,Nickolas,Beeken,nbeekeno0@businessweek.com,Male,23.250.207.4
927,Nicolina,Chalfain,nchalfainpq@netvibes.com,Female,203.138.11.11
821,Nicolis,Roizin,nroizinms@cloudflare.com,Male,12.22.227.237
949,Nigel,Newband,nnewbandqc@mashable.com,Male,145.186.6.78
609,Niki,Coldman,ncoldmangw@wordpress.com,Female,11.77.154.98
356,Niki,Parlot,nparlot9v@comsenz.com,Male,85.203.195.37
570,Nikolaus,Able,nableft@smugmug.com,Male,74.126.42.109
16,Ninnetta,Birrane,nbirranef@blogspot.com,Female,78.100.204.48
13,Noam,Sarfass,nsarfassc@seattletimes.com,Male,44.196.14.100
243,Nolana,Obeney,nobeney6q@about.com,Female,121.249.167.144
280,Nollie,Braferton,nbraferton7r@skype.com,Male,238.42.231.17
725,Noni,Romushkin,nromushkink4@mozilla.org,Female,91.18.142.242
952,Nora,Cassin,ncassinqf@livejournal.com,Female,59.203.196.139
281,Norbie,Benini,nbenini7s@networkadvertising.org,Male,171.63.76.35
463,Norbie,McGragh,nmcgraghcu@apple.com,Male,199.29.251.238
661,Norrie,Vaskin,nvaskinic@last.fm,Female,203.208.4.144
378,Norris,Sheasby,nsheasbyah@storify.com,Male,50.161.158.138
673,Nye,Mathivat,nmathivatio@example.com,Male,95.165.14.244
320,Nyssa,Witherby,nwitherby8v@fc2.com,Female,89.162.50.243
104,Oates,Moffat,omoffat2v@fema.gov,Male,181.213.162.36
301,Oates,Morales,omorales8c@hhs.gov,Male,90.203.215.172
1000,Oby,Grealish,ogrealishrr@theglobeandmail.com,Male,163.26.67.158
822,Ode,Camm,ocammmt@upenn.edu,Male,136.248.9.77
123,Odelia,McGroarty,omcgroarty3e@nbcnews.com,Female,179.119.107.208
797,Ogdon,Dohmann,odohmannm4@nymag.com,Male,220.36.102.95
214,Ola,Amberger,oamberger5x@psu.edu,Female,243.201.165.218
278,Olav,Headon,oheadon7p@youtu.be,Male,119.239.9.22
729,Olav,Thody,othodyk8@barnesandnoble.com,Male,131.108.154.32
413,Ole,Leng,olengbg@spotify.com,Male,86.95.159.178
842,Olva,Leneham,olenehamnd@opera.com,Female,14.132.218.142
290,Olympe,Haldane,ohaldane81@mac.com,Female,85.206.89.10
174,Omero,Shankland,oshankland4t@tmall.com,Male,153.3.111.122
541,Ophelia,O'Moylane,oomoylanef0@php.net,Female,50.158.55.167
266,Orazio,Ashmole,oashmole7d@utexas.edu,Male,132.55.125.131
403,Oren,Lamlin,olamlinb6@usatoday.com,Male,225.140.92.235
273,Orion,Haysey,ohaysey7k@cbsnews.com,Male,229.244.192.89
229,Orlando,Hetterich,ohetterich6c@bandcamp.com,Male,245.32.222.222
508,Osborne,Willmont,owillmonte3@umich.edu,Male,45.151.126.203
312,Ossie,Raun,oraun8n@time.com,Male,117.0.218.164
421,Otha,Crilley,ocrilleybo@apple.com,Female,153.185.96.59
17,Othelia,Wardhough,owardhoughg@google.fr,Female,68.35.109.86
909,Othella,Kincade,okincadep8@ow.ly,Female,171.85.114.161
213,Otto,Limpkin,olimpkin5w@fc2.com,Male,166.6.167.123
686,Owen,Benoiton,obenoitonj1@bloglines.com,Male,28.70.166.7
741,Owen,Bonde,obondekk@hatena.ne.jp,Male,215.180.154.254
632,Packston,Detloff,pdetloffhj@zdnet.com,Male,248.73.189.20
798,Paige,aManger,pamangerm5@liveinternet.ru,Male,94.193.245.247
162,Palm,Dishmon,pdishmon4h@soup.io,Male,217.149.139.120
458,Paolina,Wilman,pwilmancp@state.gov,Female,207.109.4.98
106,Paton,Dighton,pdighton2x@mail.ru,Male,142.89.154.144
758,Patricia,Elles,pellesl1@unblog.fr,Female,225.173.48.210
760,Pattie,Brackpool,pbrackpooll3@cnn.com,Female,210.218.32.148
431,Pearl,Mccaull,pmccaullby@europa.eu,Female,85.241.252.92
925,Pearl,O'Fallone,pofallonepo@amazonaws.com,Female,63.22.203.235
69,Peder,Cardenosa,pcardenosa1w@privacy.gov.au,Male,144.221.208.157
690,Peg,Lambshine,plambshinej5@fc2.com,Female,177.68.54.143
195,Pen,Ellson,pellson5e@yahoo.com,Male,131.136.219.168
54,Perla,McAdam,pmcadam1h@ucoz.ru,Female,204.153.8.213
434,Pernell,Cheley,pcheleyc1@cbslocal.com,Male,46.4.6.148
756,Perri,Bocke,pbockekz@wikimedia.org,Female,232.36.8.29
173,Peter,Macquire,pmacquire4s@cbsnews.com,Male,166.165.168.74
932,Petra,Blum,pblumpv@symantec.com,Female,41.122.165.114
160,Phil,Holburn,pholburn4f@4shared.com,Female,30.1.142.40
228,Phillipe,Bahlmann,pbahlmann6b@hc360.com,Male,134.68.201.227
808,Phineas,Peterkin,ppeterkinmf@cpanel.net,Male,126.171.175.6
954,Phip,Woodroff,pwoodroffqh@nationalgeographic.com,Male,214.15.105.247
235,Phoebe,Philippou,pphilippou6i@japanpost.jp,Female,104.125.92.234
833,Polly,Rapi,prapin4@mapy.cz,Female,200.177.105.155
958,Polly,Zoephel,pzoephelql@comcast.net,Female,148.87.93.192
116,Prisca,Venneur,pvenneur37@bravesites.com,Female,86.233.179.248
31,Prudence,Nibloe,pnibloeu@squarespace.com,Female,104.158.17.102
939,Puff,Pancoust,ppancoustq2@psu.edu,Male,200.74.197.142
407,Querida,Flement,qflementba@narod.ru,Female,84.70.135.166
323,Rad,Smeaton,rsmeaton8y@google.fr,Male,93.220.40.116
179,Raimondo,Laughnan,rlaughnan4y@printfriendly.com,Male,139.123.142.153
486,Raine,Clavey,rclaveydh@go.com,Female,54.137.90.103
608,Ralina,Braybrooke,rbraybrookegv@seesaa.net,Female,146.239.217.153
352,Ramona,Brazier,rbrazier9r@hao123.com,Female,7.204.120.186
564,Ramsay,Alvarado,ralvaradofn@senate.gov,Male,226.139.82.37
464,Ramsay,Tommasuzzi,rtommasuzzicv@ycombinator.com,Male,110.252.181.87
677,Rani,Dadge,rdadgeis@apache.org,Female,100.128.13.150
879,Ranna,Chartre,rchartreoe@ameblo.jp,Female,32.9.116.76
494,Ranna,Fellona,rfellonadp@webnode.com,Female,211.163.148.129
124,Ravi,Jikylls,rjikylls3f@cbslocal.com,Male,159.181.175.93
78,Rea,Ferro,rferro25@pinterest.com,Female,28.195.253.124
846,Redd,Iskow,riskownh@nih.gov,Male,18.4.8.110
392,Regan,Klaas,rklaasav@upenn.edu,Female,116.223.143.60
490,Reggi,Roskell,rroskelldl@plala.or.jp,Female,114.62.34.41
349,Reggy,Paolacci,rpaolacci9o@amazon.com,Male,94.75.26.165
115,Reginauld,Chessil,rchessil36@timesonline.co.uk,Male,254.82.145.132
616,Reinhard,Chaytor,rchaytorh3@flavors.me,Male,18.25.68.137
680,Reinhold,Gidden,rgiddeniv@pinterest.com,Male,235.73.217.73
707,Remington,Dybald,rdybaldjm@google.pl,Male,62.158.158.204
467,Remy,Gretham,rgrethamcy@dion.ne.jp,Female,59.195.248.163
510,Remy,Halladey,rhalladeye5@csmonitor.com,Female,0.88.51.182
202,Renate,Stock,rstock5l@feedburner.com,Female,132.209.62.61
368,Renell,McGraith,rmcgraitha7@ebay.com,Female,96.137.120.255
41,Rhetta,Hitzschke,rhitzschke14@apple.com,Female,143.186.71.252
748,Ricca,Freire,rfreirekr@cnbc.com,Female,168.67.43.172
423,Riccardo,Kach,rkachbq@columbia.edu,Male,91.147.202.226
299,Richard,Ysson,rysson8a@jiathis.com,Male,161.127.127.146
376,Richardo,McClymond,rmcclymondaf@bbc.co.uk,Male,46.234.79.226
121,Richie,Wellwood,rwellwood3c@icq.com,Male,69.92.40.13
703,Ring,Whitwam,rwhitwamji@prweb.com,Male,23.171.72.242
560,Risa,Bugdall,rbugdallfj@army.mil,Female,22.80.161.96
772,Rivalee,Sandiland,rsandilandlf@disqus.com,Female,39.101.149.50
800,Robby,Tidcombe,rtidcombem7@npr.org,Female,181.135.205.129
783,Robers,Douch,rdouchlq@ucoz.ru,Male,122.247.114.76
145,Robert,Epelett,repelett40@delicious.com,Male,230.133.154.57
603,Robinet,Zucker,rzuckergq@dedecms.com,Male,163.187.123.34
75,Rockwell,Duguid,rduguid22@hexun.com,Male,199.250.246.40
497,Rocky,MacKeller,rmackellerds@fotki.com,Male,115.211.122.52
941,Rocky,Ornils,rornilsq4@imageshack.us,Male,214.179.129.246
40,Rodge,Osorio,rosorio13@webs.com,Male,100.18.209.136
851,Rogerio,Mathey,rmatheynm@wikispaces.com,Male,208.99.225.201
197,Rollie,Burnyeat,rburnyeat5g@gnu.org,Male,197.19.157.191
88,Romeo,Arnholdt,rarnholdt2f@opensource.org,Male,159.254.45.140
566,Ronald,Purchase,rpurchasefp@eepurl.com,Male,249.171.173.223
178,Ronalda,Brekonridge,rbrekonridge4x@cdc.gov,Female,99.150.187.186
236,Roseanna,Bridal,rbridal6j@japanpost.jp,Female,2.173.186.41
801,Roseline,Ollie,rolliem8@xinhuanet.com,Female,212.86.216.24
367,Rozalie,Crosetto,rcrosettoa6@deliciousdays.com,Female,87.180.32.86
578,Ruprecht,Eglin,regling1@deviantart.com,Male,209.148.25.118
291,Rutter,Crosgrove,rcrosgrove82@theguardian.com,Male,121.153.241.118
617,Sallie,Stieger,sstiegerh4@slate.com,Female,172.182.18.117
685,Sallyanne,Iaduccelli,siaduccellij0@vkontakte.ru,Female,229.226.50.193
629,Salomo,Nyssen,snyssenhg@dropbox.com,Male,206.82.15.37
828,Sammy,Kinmond,skinmondmz@cpanel.net,Male,92.239.239.17
302,Sampson,Maddie,smaddie8d@slate.com,Male,58.152.151.6
997,Sanders,Farndell,sfarndellro@blinklist.com,Male,254.152.240.213
249,Sanderson,Bauer,sbauer6w@usda.gov,Male,191.176.251.2
23,Sandie,Josowitz,sjosowitzm@slate.com,Female,182.176.200.216
411,Sapphire,Petroselli,spetrosellibe@army.mil,Female,63.159.81.74
742,Saraann,Akid,sakidkl@wisc.edu,Female,224.154.46.128
606,Sarita,Sturm,ssturmgt@canalblog.com,Female,171.201.60.244
841,Sascha,Cutchee,scutcheenc@ifeng.com,Female,21.210.197.170
112,Saxe,Ehrat,sehrat33@nbcnews.com,Male,201.48.132.166
770,Saxon,Buxey,sbuxeyld@chicagotribune.com,Male,139.9.195.229
850,Sayre,Beaushaw,sbeaushawnl@nhs.uk,Male,73.180.122.48
548,Sean,Hooke,shookef7@squidoo.com,Female,111.190.155.55
237,Sella,Cathrall,scathrall6k@freewebs.com,Female,199.39.193.152
276,Shae,Muat,smuat7n@statcounter.com,Female,5.118.77.164
885,Shalna,McIlvenny,smcilvennyok@quantcast.com,Female,206.241.30.250
981,Shane,Eger,segerr8@google.ru,Male,226.146.151.127
177,Shawnee,Kemp,skemp4w@free.fr,Female,20.247.184.5
401,Shaylyn,Epps,seppsb4@istockphoto.com,Female,194.112.192.246
534,Shaylynn,Boycott,sboycottet@vkontakte.ru,Female,226.7.255.250
582,Shaylynn,Meighan,smeighang5@github.com,Female,104.94.172.211
896,Shayne,Havock,shavockov@vk.com,Female,168.245.68.133
268,Shayne,Taber,staber7f@timesonline.co.uk,Male,238.246.77.250
265,Shem,Sieghard,ssieghard7c@elegantthemes.com,Male,77.252.144.70
91,Sherlocke,Allcoat,sallcoat2i@shinystat.com,Male,48.13.159.234
892,Sherrie,Grahl,sgrahlor@studiopress.com,Female,1.191.90.149
142,Shirleen,Kermon,skermon3x@dot.gov,Female,94.172.40.120
874,Shoshana,Canadas,scanadaso9@nytimes.com,Female,197.125.36.83
457,Shurlocke,Delacroix,sdelacroixco@ftc.gov,Male,61.111.212.98
134,Sib,Febry,sfebry3p@wired.com,Female,111.155.162.168
893,Sibley,Attenbrow,sattenbrowos@oracle.com,Female,153.58.35.255
687,Sid,Stansall,sstansallj2@elpais.com,Male,174.194.236.108
363,Sidnee,Wormleighton,swormleightona2@miibeian.gov.cn,Male,0.171.232.184
727,Silas,Thorns,sthornsk6@barnesandnoble.com,Male,187.102.215.62
405,Silva,Channing,schanningb8@nifty.com,Female,31.123.255.34
107,Silvan,Dockree,sdockree2y@tripadvisor.com,Male,81.69.172.53
862,Silvia,Dreus,sdreusnx@instagram.com,Female,45.38.219.234
628,Simone,Gavini,sgavinihf@livejournal.com,Male,28.135.122.76
253,Siobhan,Gotfrey,sgotfrey70@odnoklassniki.ru,Female,126.154.24.109
734,Skip,Lundbech,slundbechkd@umich.edu,Male,242.75.197.8
256,Skipper,Brayne,sbrayne73@paginegialle.it,Male,30.93.65.89
515,Smitty,Sargood,ssargoodea@acquirethisname.com,Male,184.243.246.105
827,Stace,Preedy,spreedymy@biglobe.ne.jp,Female,23.226.72.7
444,Stafford,Spacey,sspaceycb@nytimes.com,Male,178.224.197.26
98,Stevana,Martynikhin,smartynikhin2p@wordpress.com,Female,121.223.145.145
709,Stevena,Jiggle,sjigglejo@soup.io,Female,127.77.81.93
809,Stewart,Bursnoll,sbursnollmg@wikipedia.org,Male,158.123.1.96
640,Stewart,Laux,slauxhr@bing.com,Male,187.71.187.225
819,Stu,Dadson,sdadsonmq@cam.ac.uk,Male,26.60.230.106
817,Suki,Bunton,sbuntonmo@trellian.com,Female,83.116.120.58
883,Susie,Mangam,smangamoi@google.cn,Female,243.175.224.78
839,Sutherlan,Grundey,sgrundeyna@comcast.net,Male,23.37.205.9
978,Suzette,Witham,swithamr5@list-manage.com,Female,127.113.12.82
188,Swen,Castelijn,scastelijn57@wisc.edu,Male,6.127.13.210
198,Sydel,Morat,smorat5h@sbwire.com,Female,21.184.170.144
272,Tab,Harpham,tharpham7j@feedburner.com,Male,207.119.254.40
360,Tab,Ox,tox9z@domainmarket.com,Male,5.239.223.243
169,Tabbie,Stollmeier,tstollmeier4o@taobao.com,Male,183.104.21.153
810,Tabina,Brixey,tbrixeymh@fc2.com,Female,204.193.123.192
836,Talbot,Gheerhaert,tgheerhaertn7@4shared.com,Male,242.188.254.80
193,Talia,Handley,thandley5c@narod.ru,Female,205.165.21.251
319,Tammie,Comley,tcomley8u@posterous.com,Male,5.246.32.54
545,Tammy,Pahl,tpahlf4@amazonaws.com,Male,162.105.106.229
233,Tammy,Woods,twoods6g@chicagotribune.com,Male,237.236.248.253
597,Tanhya,Schaumaker,tschaumakergk@intel.com,Female,60.67.117.83
620,Tanner,Apps,tappsh7@reference.com,Male,164.228.215.141
39,Tanny,Pacher,tpacher12@vimeo.com,Male,35.209.164.2
705,Tarrah,Hayler,thaylerjk@ycombinator.com,Female,124.141.156.227
771,Tedd,Backes,tbackesle@purevolume.com,Male,226.143.142.208
398,Teddi,Carss,tcarssb1@yolasite.com,Female,97.174.165.107
796,Teddy,Bosley,tbosleym3@wunderground.com,Female,160.138.228.245
394,Terencio,Ottey,totteyax@sohu.com,Male,35.174.118.18
665,Terese,Kensit,tkensitig@squarespace.com,Female,23.130.66.56
935,Terese,Stiegers,tstiegerspy@arizona.edu,Female,158.175.151.126
785,Thayne,Robberecht,trobberechtls@aboutads.info,Male,172.214.184.101
250,Thekla,Reihm,treihm6x@businessinsider.com,Female,117.205.93.204
287,Thoma,Eisikovitsh,teisikovitsh7y@google.it,Male,20.52.155.124
990,Thorndike,Ralton,traltonrh@virginia.edu,Male,120.205.29.188
906,Thorstein,Thick,tthickp5@google.com,Male,74.212.133.100
459,Tiffany,Adkin,tadkincq@google.co.uk,Female,247.37.215.98
926,Tilda,MacLise,tmaclisepp@spiegel.de,Female,228.95.243.51
58,Tildi,Leisk,tleisk1l@github.com,Female,17.150.91.129
221,Timofei,Pogg,tpogg64@wikipedia.org,Male,148.17.162.209
832,Tine,D'Agostino,tdagostinon3@wp.com,Female,237.8.59.132
372,Tito,Hughill,thughillab@spiegel.de,Male,183.244.110.134
334,Tobe,Manolov,tmanolov99@com.com,Male,3.90.227.109
829,Toiboid,Schettini,tschettinin0@reddit.com,Male,165.87.73.206
774,Tomlin,Baunton,tbauntonlh@dot.gov,Male,147.43.19.6
648,Tommie,Johnsee,tjohnseehz@gizmodo.com,Male,173.131.40.218
933,Tommie,Rooke,trookepw@ucoz.ru,Male,46.225.179.99
344,Torrey,Ensley,tensley9j@spotify.com,Male,222.209.172.123
49,Torrey,Kemer,tkemer1c@drupal.org,Male,117.224.5.254
485,Torrin,Dabbes,tdabbesdg@mediafire.com,Male,154.235.245.17
283,Towny,Bloodworthe,tbloodworthe7u@rakuten.co.jp,Male,155.88.191.23
994,Tracey,Halse,thalserl@gmpg.org,Male,61.45.59.123
653,Tully,Amos,tamosi4@unc.edu,Male,143.97.36.54
558,Tully,Flintoff,tflintofffh@ibm.com,Male,241.92.123.227
847,Tybi,Dunderdale,tdunderdaleni@tinyurl.com,Female,53.229.120.142
393,Tymon,Fairley,tfairleyaw@squidoo.com,Male,174.87.183.19
776,Ulysses,Kendle,ukendlelj@topsy.com,Male,1.253.92.153
80,Umberto,Gerrens,ugerrens27@twitpic.com,Male,228.179.170.37
657,Upton,Aspray,uasprayi8@ucsd.edu,Male,21.149.222.240
375,Ursa,Hallede,uhalledeae@guardian.co.uk,Female,199.106.206.39
53,Ursuline,Pervew,upervew1g@patch.com,Female,16.71.218.127
654,Ursuline,Stonbridge,ustonbridgei5@indiegogo.com,Female,45.46.46.215
11,Valaria,Beldom,vbeldoma@vkontakte.ru,Female,201.15.50.3
329,Vale,Willisch,vwillisch94@wix.com,Female,130.171.30.109
275,Valencia,Hilland,vhilland7m@examiner.com,Female,94.90.122.228
71,Valentijn,Clouston,vclouston1y@reference.com,Male,211.189.120.106
22,Valentine,Levinge,vlevingel@mozilla.com,Female,182.180.233.39
554,Valentino,Morris,vmorrisfd@flickr.com,Male,113.124.227.107
258,Valina,Ashman,vashman75@cafepress.com,Female,76.113.122.80
324,Vanda,Greensitt,vgreensitt8z@reddit.com,Female,121.231.146.219
326,Vanya,Barde,vbarde91@ucsd.edu,Male,213.132.133.86
8,Vasily,Amies,vamies7@yellowbook.com,Male,131.105.190.227
988,Vaughan,Fominov,vfominovrf@moonfruit.com,Male,219.157.74.53
931,Velma,Marnes,vmarnespu@geocities.jp,Female,77.213.63.67
77,Veradis,Trimming,vtrimming24@barnesandnoble.com,Female,192.128.241.178
483,Vernon,Brehaut,vbrehautde@t-online.de,Male,140.49.184.107
37,Vernor,MacRitchie,vmacritchie10@friendfeed.com,Male,195.244.48.131
773,Veronike,Staniforth,vstaniforthlg@china.com.cn,Female,42.231.148.183
611,Victoria,Poschel,vposchelgy@mlb.com,Female,34.3.187.28
82,Vidovik,Sayer,vsayer29@yolasite.com,Male,156.186.144.65
149,Vin,Aloigi,valoigi44@mtv.com,Male,49.37.160.106
715,Vincents,Orrum,vorrumju@unicef.org,Male,205.249.167.255
35,Vinnie,Drakers,vdrakersy@auda.org.au,Male,98.0.199.134
284,Vinson,Rhubottom,vrhubottom7v@smugmug.com,Male,118.26.57.61
150,Violet,Braidley,vbraidley45@eventbrite.com,Female,176.17.36.46
539,Violetta,Dorbin,vdorbiney@aboutads.info,Female,229.94.128.39
977,Virgilio,Allawy,vallawyr4@blinklist.com,Male,160.22.140.176
311,Viviana,Buckerfield,vbuckerfield8m@chicagotribune.com,Female,181.14.229.80
255,Vivianna,Elgy,velgy72@theatlantic.com,Female,12.234.150.219
902,Vlad,Batstone,vbatstonep1@washingtonpost.com,Male,171.216.159.239
65,Vladamir,Philipsohn,vphilipsohn1s@comsenz.com,Male,13.179.243.180
125,Wade,Johanssen,wjohanssen3g@walmart.com,Male,203.137.253.38
643,Wainwright,Cheyenne,wcheyennehu@google.it,Male,58.217.135.115
644,Wainwright,Quartley,wquartleyhv@tripadvisor.com,Male,47.62.20.138
433,Walden,Heart,wheartc0@tiny.cc,Male,179.79.123.176
245,Wallache,Noah,wnoah6s@tripadvisor.com,Male,26.176.27.203
662,Wallie,Nisuis,wnisuisid@360.cn,Male,195.1.92.214
631,Wallis,Leavens,wleavenshi@newsvine.com,Female,16.199.146.151
48,Waverly,Dowsing,wdowsing1b@webmd.com,Male,113.93.83.155
596,Weidar,Kliemann,wkliemanngj@dmoz.org,Male,25.187.226.251
260,Weidar,Trazzi,wtrazzi77@cyberchimps.com,Male,236.74.57.71
264,Wendall,Kears,wkears7b@posterous.com,Male,79.218.222.76
619,Wernher,Thorwarth,wthorwarthh6@prweb.com,Male,55.228.53.86
251,Wes,Windebank,wwindebank6y@over-blog.com,Male,193.91.195.172
241,Whitby,Hamblen,whamblen6o@eventbrite.com,Male,18.36.85.38
580,Whitman,Walczak,wwalczakg3@blogger.com,Male,15.122.221.140
966,Wilhelmine,Matt,wmattqt@va.gov,Female,117.237.102.37
180,Willey,Stutt,wstutt4z@who.int,Male,9.159.153.162
166,Willie,Mosen,wmosen4l@wordpress.org,Female,28.46.59.15
845,Willis,Moiser,wmoiserng@example.com,Male,197.71.232.59
133,Winifield,Gelletly,wgelletly3o@printfriendly.com,Male,61.176.135.5
89,Winnah,Duligall,wduligall2g@loc.gov,Female,65.245.35.197
274,Wolfgang,D'Alwis,wdalwis7l@unicef.org,Male,87.1.66.119
704,Wolfy,Langhorne,wlanghornejj@pbs.org,Male,10.247.153.253
531,Wye,Cappel,wcappeleq@dion.ne.jp,Male,112.103.221.56
127,Xavier,Libbis,xlibbis3i@imgur.com,Male,137.214.15.146
15,Xylia,Blenkharn,xblenkharne@ocn.ne.jp,Female,79.247.232.84
942,Yardley,Dunstan,ydunstanq5@latimes.com,Male,95.113.193.190
976,Yehudit,Kibbe,ykibber3@businessinsider.com,Male,151.44.228.14
664,Yorgos,Sargeaunt,ysargeauntif@ifeng.com,Male,62.165.21.203
987,Yovonnda,Christoffersen,ychristoffersenre@weebly.com,Female,50.16.129.57
536,Yulma,Tiltman,ytiltmanev@reuters.com,Male,152.252.24.136
204,Yurik,Gomm,ygomm5n@newyorker.com,Male,119.182.78.153
553,Yvon,Fenny,yfennyfc@simplemachines.org,Male,36.31.43.85
59,Yvonne,Zuker,yzuker1m@techcrunch.com,Female,145.116.143.24
672,Zabrina,Lofting,zloftingin@amazon.com,Female,194.94.169.58
695,Zaneta,Haruard,zharuardja@printfriendly.com,Female,58.227.96.220
834,Zarah,Stener,zstenern5@typepad.com,Female,80.56.30.181
786,Zola,Stannah,zstannahlt@nih.gov,Female,215.34.7.199
904,Zonnya,Kalinsky,zkalinskyp3@vistaprint.com,Female,253.84.194.4
113,Zora,Knyvett,zknyvett34@biblegateway.com,Female,134.107.52.120
id,first_name,last_name,email,gender,ip_address
